{
  "Total" : {
    "transaction" : "Total",
    "sampleCount" : 100,
    "errorCount" : 0,
    "errorPct" : 0.0,
    "meanResTime" : 851.7999999999997,
    "medianResTime" : 713.5,
    "minResTime" : 450.0,
    "maxResTime" : 2616.0,
    "pct1ResTime" : 1804.4000000000046,
    "pct2ResTime" : 2377.199999999999,
    "pct3ResTime" : 2616.0,
    "throughput" : 10.841283607979184,
    "receivedKBytesPerSec" : 17.25712136816999,
    "sentKBytesPerSec" : 2.466815508456201
  },
  "HTTP Request" : {
    "transaction" : "HTTP Request",
    "sampleCount" : 100,
    "errorCount" : 0,
    "errorPct" : 0.0,
    "meanResTime" : 851.7999999999997,
    "medianResTime" : 713.5,
    "minResTime" : 450.0,
    "maxResTime" : 2616.0,
    "pct1ResTime" : 1804.4000000000046,
    "pct2ResTime" : 2377.199999999999,
    "pct3ResTime" : 2616.0,
    "throughput" : 10.841283607979184,
    "receivedKBytesPerSec" : 17.25712136816999,
    "sentKBytesPerSec" : 2.466815508456201
  }
}